{"1": {"512": {"fnr": [1.0, 1.0, 0.0, 1.0, 1.0, 0.0, 1.0, 1.0, 1.0, 1.0, 0.0, 1.0, 1.0, 1.0, 0.0, 1.0, 1.0, 0.0, 1.0, 1.0, 1.0, 0.5, 1.0, 1.0, 0.75, 0.0, 1.0, 1.0, 0.0, 1.0, 1.0, 0.0, 0.0, 1.0, 1.0, 1.0, 1.0, 0.0, 0.0, 0.0, 1.0, 1.0, 1.0, 1.0, 1.0, 1.0, 0.0, 0.0, 0.0, 0.0, 1.0, 1.0, 0.0, 1.0, 0.0, 0.6666666666666666, 0.5, 1.0, 0.0, 1.0, 0.0, 0.0, 1.0, 1.0, 1.0, 0.0, 0.0, 0.0, 1.0, 1.0, 1.0, 0.0, 1.0, 1.0, 0.0, 0.0, 1.0, 1.0, 1.0, 1.0, 1.0, 1.0, 1.0, 0.6666666666666666, 0.8, 1.0, 1.0, 1.0, 1.0, 0.0, 1.0, 0.0, 1.0, 1.0, 1.0, 0.0, 1.0, 1.0, 1.0, 1.0], "fpr": [0.00016611295681063124, 0.00016578249336870026, 0.0, 0.00016722408026755852, 0.00016482610845557937, 0.0, 0.000163826998689384, 0.00016350555918901244, 0.0001631321370309951, 0.0001680672268907563, 0.0, 0.00016638935108153079, 0.00016041065126724414, 0.00032674399607907203, 0.0, 0.00016520733520568312, 0.00015943877551020407, 0.0, 0.00016212710765239947, 0.0001643925694558606, 0.00016038492381716118, 0.0, 0.0001593879502709595, 0.0001636929120969062, 0.0, 0.0, 0.00016307893020221786, 0.00016252234682268812, 0.0, 0.0001656726308813784, 0.00016592002654720425, 0.0, 0.0, 0.0001657550140891762, 0.00016260162601626016, 0.00016204829039053638, 0.00016233766233766234, 0.0, 0.0, 0.0, 0.0001642845408247084, 0.00016053941242575052, 0.00016307893020221786, 0.00016025641025641026, 0.0001678133915086424, 0.00016038492381716118, 0.0, 0.0, 0.0, 0.0, 0.00016270745200130165, 0.00016299918500407498, 0.0, 0.0003282455276546857, 0.0, 0.0, 0.0, 0.000164446637066272, 0.0, 0.00016578249336870026, 0.0, 0.0, 0.00016162922256343946, 0.00016931933626820184, 0.00016482610845557937, 0.0, 0.0, 0.0, 0.00016371971185330714, 0.0001691761123329386, 0.0001657550140891762, 0.0, 0.0003315649867374005, 0.00016, 0.0, 0.0, 0.00016404199475065617, 0.00016053941242575052, 0.0001649620587264929, 0.00016485328058028355, 0.00016515276630883568, 0.00016471750947125678, 0.00016388069485414618, 0.0, 0.0, 0.00016066838046272492, 0.00016353229762878168, 0.00015976993129892953, 0.00016144656118824668, 0.0, 0.00016061676839062, 0.0, 0.00015885623510722796, 0.00016028209648982208, 0.00016594756057085962, 0.0, 0.00017082336863682952, 0.00016490765171503957, 0.00016871941960519654, 0.00016764459346186087]}, "1024": {"fnr": [1.0, 0.0, 0.0, 1.0, 0.0, 0.0, 1.0, 1.0, 1.0, 1.0, 0.0, 1.0, 1.0, 0.0, 0.0, 0.0, 1.0, 0.0, 1.0, 1.0, 1.0, 0.0, 1.0, 1.0, 0.75, 0.0, 1.0, 0.5, 0.0, 1.0, 1.0, 0.0, 0.0, 0.0, 0.0, 0.0, 1.0, 0.0, 0.0, 0.0, 1.0, 1.0, 1.0, 1.0, 1.0, 1.0, 0.0, 0.0, 0.0, 0.0, 1.0, 1.0, 0.0, 0.0, 0.0, 0.6666666666666666, 0.0, 1.0, 0.0, 1.0, 0.0, 0.0, 1.0, 1.0, 0.0, 0.0, 0.0, 0.0, 1.0, 1.0, 1.0, 0.0, 1.0, 1.0, 0.0, 0.0, 1.0, 1.0, 0.6666666666666666, 1.0, 1.0, 1.0, 0.0, 0.3333333333333333, 0.6, 1.0, 1.0, 1.0, 1.0, 0.0, 0.0, 0.0, 1.0, 1.0, 1.0, 0.0, 1.0, 0.0, 1.0, 1.0], "fpr": [0.00016611295681063124, 0.0, 0.0, 0.00016722408026755852, 0.0, 0.0, 0.000163826998689384, 0.00016350555918901244, 0.0001631321370309951, 0.0001680672268907563, 0.0, 0.00016638935108153079, 0.00016041065126724414, 0.0, 0.0, 0.0, 0.00015943877551020407, 0.0, 0.00016212710765239947, 0.0001643925694558606, 0.00016038492381716118, 0.0, 0.0001593879502709595, 0.0001636929120969062, 0.0, 0.0, 0.00016307893020221786, 0.0, 0.0, 0.0001656726308813784, 0.00016592002654720425, 0.0, 0.0, 0.0, 0.0, 0.0, 0.00016233766233766234, 0.0, 0.0, 0.0, 0.0001642845408247084, 0.00016053941242575052, 0.00016307893020221786, 0.00016025641025641026, 0.0001678133915086424, 0.00016038492381716118, 0.0, 0.0, 0.0, 0.0, 0.00016270745200130165, 0.00016299918500407498, 0.0, 0.0, 0.0, 0.0, 0.0, 0.000164446637066272, 0.0, 0.00016578249336870026, 0.0, 0.0, 0.0003232584451268789, 0.00016931933626820184, 0.0, 0.0, 0.0, 0.0, 0.00016371971185330714, 0.0001691761123329386, 0.0001657550140891762, 0.0, 0.0003315649867374005, 0.00032, 0.0, 0.0, 0.00016404199475065617, 0.00016053941242575052, 0.0, 0.00016485328058028355, 0.00016515276630883568, 0.00016471750947125678, 0.0, 0.0, 0.0, 0.00016066838046272492, 0.00016353229762878168, 0.00015976993129892953, 0.00016144656118824668, 0.0, 0.0, 0.0, 0.00015885623510722796, 0.00016028209648982208, 0.00016594756057085962, 0.0, 0.00017082336863682952, 0.0, 0.0003374388392103931, 0.00016764459346186087]}, "2048": {"fnr": [1.0, 0.0, 0.0, 1.0, 0.0, 0.0, 1.0, 1.0, 0.0, 1.0, 0.0, 0.0, 1.0, 0.0, 0.0, 0.0, 1.0, 0.0, 1.0, 1.0, 1.0, 0.0, 0.0, 1.0, 0.75, 0.0, 1.0, 0.5, 0.0, 1.0, 1.0, 0.0, 0.0, 0.0, 0.0, 0.0, 0.0, 0.0, 0.0, 0.0, 0.0, 0.0, 1.0, 1.0, 1.0, 0.6666666666666666, 0.0, 0.0, 0.0, 0.0, 1.0, 1.0, 0.0, 0.0, 0.0, 0.0, 0.0, 0.0, 0.0, 1.0, 0.0, 0.0, 0.0, 1.0, 0.0, 0.0, 0.0, 0.0, 0.6666666666666666, 1.0, 1.0, 0.0, 0.0, 0.0, 0.0, 0.0, 0.0, 1.0, 0.6666666666666666, 1.0, 0.0, 1.0, 0.0, 0.3333333333333333, 0.2, 1.0, 0.0, 0.0, 0.0, 0.0, 0.0, 0.0, 0.0, 1.0, 1.0, 0.0, 1.0, 0.0, 0.0, 0.0], "fpr": [0.00016611295681063124, 0.0, 0.0, 0.00016722408026755852, 0.0, 0.0, 0.000163826998689384, 0.00016350555918901244, 0.0, 0.0001680672268907563, 0.0, 0.0, 0.00016041065126724414, 0.0, 0.0, 0.0, 0.00031887755102040814, 0.0, 0.00016212710765239947, 0.0001643925694558606, 0.00016038492381716118, 0.0, 0.0, 0.0001636929120969062, 0.0, 0.0, 0.00016307893020221786, 0.0, 0.0, 0.0001656726308813784, 0.00016592002654720425, 0.0, 0.0, 0.0, 0.0, 0.0, 0.0, 0.0, 0.0, 0.0, 0.0, 0.0, 0.00016307893020221786, 0.00016025641025641026, 0.0003356267830172848, 0.0, 0.0, 0.0, 0.0, 0.0, 0.00016270745200130165, 0.00016299918500407498, 0.0, 0.0, 0.0, 0.0, 0.0, 0.0, 0.0, 0.0003315649867374005, 0.0, 0.0, 0.0, 0.00016931933626820184, 0.0, 0.0, 0.0, 0.0, 0.0, 0.0001691761123329386, 0.0001657550140891762, 0.0, 0.0, 0.0, 0.0, 0.0, 0.0, 0.00016053941242575052, 0.0, 0.00016485328058028355, 0.0, 0.00016471750947125678, 0.0, 0.0, 0.0, 0.00016066838046272492, 0.0, 0.0, 0.0, 0.0, 0.0, 0.0, 0.0, 0.00016028209648982208, 0.00016594756057085962, 0.0, 0.00017082336863682952, 0.0, 0.0, 0.0]}, "4096": {"fnr": [1.0, 0.0, 0.0, 1.0, 0.0, 0.0, 1.0, 1.0, 0.0, 0.0, 0.0, 0.0, 1.0, 0.0, 0.0, 0.0, 1.0, 0.0, 1.0, 1.0, 1.0, 0.0, 0.0, 0.0, 0.75, 0.0, 0.0, 0.5, 0.0, 0.0, 0.0, 0.0, 0.0, 0.0, 0.0, 0.0, 0.0, 0.0, 0.0, 0.0, 0.0, 0.0, 1.0, 1.0, 0.0, 0.6666666666666666, 0.0, 0.0, 0.0, 0.0, 1.0, 1.0, 0.0, 0.0, 0.0, 0.0, 0.0, 0.0, 0.0, 1.0, 0.0, 0.0, 0.0, 1.0, 0.0, 0.0, 0.0, 0.0, 0.6666666666666666, 1.0, 0.0, 0.0, 0.0, 0.0, 0.0, 0.0, 0.0, 0.0, 0.3333333333333333, 1.0, 0.0, 0.0, 0.0, 0.3333333333333333, 0.2, 0.0, 0.0, 0.0, 0.0, 0.0, 0.0, 0.0, 0.0, 0.0, 1.0, 0.0, 0.0, 0.0, 0.0, 0.0], "fpr": [0.00016611295681063124, 0.0, 0.0, 0.00016722408026755852, 0.0, 0.0, 0.000163826998689384, 0.00016350555918901244, 0.0, 0.0, 0.0, 0.0, 0.00016041065126724414, 0.0, 0.0, 0.0, 0.00031887755102040814, 0.0, 0.00016212710765239947, 0.0001643925694558606, 0.00016038492381716118, 0.0, 0.0, 0.0, 0.0, 0.0, 0.0, 0.0, 0.0, 0.0, 0.0, 0.0, 0.0, 0.0, 0.0, 0.0, 0.0, 0.0, 0.0, 0.0, 0.0, 0.0, 0.00016307893020221786, 0.00016025641025641026, 0.0, 0.0, 0.0, 0.0, 0.0, 0.0, 0.00016270745200130165, 0.00016299918500407498, 0.0, 0.0, 0.0, 0.0, 0.0, 0.0, 0.0, 0.0003315649867374005, 0.0, 0.0, 0.0, 0.00016931933626820184, 0.0, 0.0, 0.0, 0.0, 0.0, 0.0001691761123329386, 0.0, 0.0, 0.0, 0.0, 0.0, 0.0, 0.0, 0.0, 0.0, 0.00016485328058028355, 0.0, 0.0, 0.0, 0.0, 0.0, 0.0, 0.0, 0.0, 0.0, 0.0, 0.0, 0.0, 0.0, 0.0, 0.00016594756057085962, 0.0, 0.0, 0.0, 0.0, 0.0]}}, "2": {"512": {"fnr": [1.0, 0.0, 0.0, 1.0, 0.0, 0.0, 1.0, 0.0, 1.0, 1.0, 0.0, 0.0, 1.0, 1.0, 0.0, 1.0, 1.0, 0.0, 1.0, 1.0, 0.0, 0.5, 1.0, 1.0, 0.75, 0.0, 1.0, 0.0, 0.0, 1.0, 1.0, 0.0, 0.0, 0.0, 1.0, 1.0, 0.0, 0.0, 0.0, 0.0, 0.0, 0.0, 1.0, 1.0, 1.0, 0.3333333333333333, 0.0, 0.0, 0.0, 0.0, 1.0, 1.0, 0.0, 0.0, 0.0, 0.3333333333333333, 0.5, 1.0, 0.0, 0.0, 0.0, 0.0, 0.0, 1.0, 0.0, 0.0, 0.0, 0.0, 1.0, 1.0, 1.0, 0.0, 1.0, 1.0, 0.0, 0.0, 1.0, 1.0, 1.0, 1.0, 0.0, 1.0, 0.0, 0.3333333333333333, 0.8, 1.0, 1.0, 0.0, 0.0, 0.0, 1.0, 0.0, 1.0, 0.0, 1.0, 0.0, 0.0, 1.0, 0.0, 1.0],